{
  "train_loss": [
    0.479633,
    0.347543,
    0.296335,
    0.281492,
    0.277268,
    0.268339,
    0.265235,
    0.268798,
    0.266126,
    0.267197,
    0.27174,
    0.267117,
    0.271312,
    0.262341,
    0.269544,
    0.271287,
    0.272161,
    0.270242,
    0.274124,
    0.268045,
    0.267336,
    0.271908,
    0.271485,
    0.244091,
    0.244875,
    0.247716,
    0.243737,
    0.249788,
    0.251193,
    0.248695,
    0.248073,
    0.253883,
    0.25542,
    0.260748,
    0.252997,
    0.263423,
    0.260282,
    0.263069,
    0.258051,
    0.256001,
    0.263024,
    0.26671,
    0.263495,
    0.269317,
    0.263066,
    0.264485,
    0.268465,
    0.263462,
    0.26934,
    0.268691,
    0.260845,
    0.260279,
    0.263149,
    0.265406,
    0.273396,
    0.256257,
    0.238888,
    0.241948,
    0.247084,
    0.24098,
    0.243298,
    0.242925,
    0.241634,
    0.247838,
    0.244885,
    0.245829,
    0.240874,
    0.248717,
    0.251222,
    0.249056,
    0.253523,
    0.253148,
    0.254387,
    0.240257,
    0.23009,
    0.236205,
    0.238932,
    0.243308,
    0.228377,
    0.231675,
    0.237941,
    0.233184,
    0.231214,
    0.239364,
    0.239832,
    0.237387,
    0.236025,
    0.239955,
    0.239909,
    0.244436,
    0.237325,
    0.235024,
    0.245056,
    0.232569,
    0.24428,
    0.238201,
    0.248928,
    0.244696,
    0.239139,
    0.245286,
    0.241254,
    0.230442,
    0.231923,
    0.23375,
    0.226345,
    0.225382,
    0.236119,
    0.238293,
    0.225734,
    0.231751,
    0.229231,
    0.231409,
    0.237952,
    0.23272,
    0.232703
  ],
  "val_loss": [
    0.339085,
    0.25671,
    0.235266,
    0.249397,
    0.262762,
    0.304436,
    0.224899,
    0.257827,
    0.244862,
    0.240868,
    0.236595,
    0.264357,
    0.243273,
    0.261713,
    0.246742,
    0.283834,
    0.232259,
    0.256873,
    0.273404,
    0.259972,
    0.264014,
    0.251036,
    0.232846,
    0.217143,
    0.215091,
    0.248676,
    0.225561,
    0.226715,
    0.229848,
    0.237359,
    0.243806,
    0.220446,
    0.215647,
    0.258488,
    0.279548,
    0.255331,
    0.235336,
    0.241337,
    0.234991,
    0.20156,
    0.230086,
    0.223838,
    0.24979,
    0.238295,
    0.246656,
    0.211471,
    0.233409,
    0.214824,
    0.227551,
    0.248411,
    0.219049,
    0.237204,
    0.251386,
    0.268437,
    0.229243,
    0.216376,
    0.199275,
    0.208413,
    0.199304,
    0.216213,
    0.214021,
    0.20512,
    0.201999,
    0.222506,
    0.228134,
    0.202016,
    0.206399,
    0.201262,
    0.218048,
    0.219544,
    0.207382,
    0.247108,
    0.21582,
    0.203701,
    0.195884,
    0.193429,
    0.202317,
    0.20105,
    0.198782,
    0.195252,
    0.203294,
    0.20326,
    0.200095,
    0.206601,
    0.190172,
    0.19759,
    0.202166,
    0.201234,
    0.204875,
    0.226144,
    0.206568,
    0.192109,
    0.210834,
    0.198618,
    0.21059,
    0.207041,
    0.201669,
    0.206892,
    0.199579,
    0.212082,
    0.195017,
    0.191608,
    0.192176,
    0.207979,
    0.197118,
    0.200349,
    0.197045,
    0.199172,
    0.20013,
    0.195836,
    0.207165,
    0.202302,
    0.193566,
    0.197123,
    0.192805
  ]
}