{
  "train_loss": [
    0.5312,
    0.434585,
    0.393412,
    0.35997,
    0.338288,
    0.324388,
    0.322769,
    0.318847,
    0.312354,
    0.30803,
    0.307468,
    0.309533,
    0.313747,
    0.314342,
    0.30426,
    0.303899,
    0.308429,
    0.308141,
    0.308891,
    0.309213,
    0.299782,
    0.303367,
    0.299403,
    0.302013,
    0.303146,
    0.299352,
    0.306916,
    0.302477,
    0.305183,
    0.305146,
    0.304116,
    0.301599,
    0.304377,
    0.275653,
    0.279964,
    0.275539,
    0.275353,
    0.275808,
    0.27999,
    0.275501,
    0.271417,
    0.277827,
    0.277434,
    0.275021,
    0.278669,
    0.278205,
    0.275163
  ],
  "val_loss": [
    0.405619,
    0.376844,
    0.347301,
    0.353415,
    0.312704,
    0.285852,
    0.281371,
    0.280072,
    0.300017,
    0.272149,
    0.296676,
    0.2895,
    0.302575,
    0.259221,
    0.248657,
    0.261063,
    0.240978,
    0.265737,
    0.304466,
    0.259147,
    0.280869,
    0.261512,
    0.275001,
    0.257541,
    0.261628,
    0.276719,
    0.279742,
    0.289356,
    0.295322,
    0.281545,
    0.271741,
    0.280195,
    0.273698,
    0.264192,
    0.248041,
    0.270557,
    0.250199,
    0.257926,
    0.24221,
    0.248572,
    0.260979,
    0.258774,
    0.25192,
    0.249786,
    0.283385,
    0.262309,
    0.245506
  ]
}