{
  "train_loss": [
    0.502238,
    0.405567,
    0.339659,
    0.304255,
    0.284254,
    0.278648,
    0.270011,
    0.271226,
    0.27526,
    0.27421,
    0.279061,
    0.274098,
    0.27613,
    0.272782,
    0.274887,
    0.275852,
    0.276093,
    0.279814,
    0.280278,
    0.281481,
    0.286045,
    0.278013,
    0.27809,
    0.276997,
    0.28205,
    0.27946,
    0.284068,
    0.28863,
    0.284833,
    0.278293,
    0.276024,
    0.287661,
    0.277769,
    0.282249,
    0.254017,
    0.249437,
    0.251551,
    0.259597,
    0.252507,
    0.256664,
    0.256005,
    0.263613,
    0.263813,
    0.265991,
    0.262512,
    0.265554,
    0.266242,
    0.265464,
    0.265158,
    0.267919,
    0.27481,
    0.264484,
    0.272742,
    0.266554,
    0.271893,
    0.272752,
    0.269932,
    0.269346,
    0.27086,
    0.250518,
    0.250546,
    0.250131,
    0.249246,
    0.246833,
    0.244941,
    0.253415,
    0.250895,
    0.258553,
    0.256702,
    0.257178,
    0.258539,
    0.263291,
    0.259292,
    0.261553,
    0.26211,
    0.262214,
    0.261277,
    0.255942,
    0.266135,
    0.241077,
    0.240125,
    0.240634,
    0.250586,
    0.244612,
    0.246387,
    0.248615,
    0.254113,
    0.25104,
    0.255217,
    0.25086,
    0.253791,
    0.255852,
    0.262562,
    0.258394,
    0.258092,
    0.262006,
    0.258876,
    0.266275,
    0.248665,
    0.249406,
    0.242389,
    0.249148,
    0.251472,
    0.2456,
    0.249095,
    0.252125,
    0.249561,
    0.254021,
    0.2544,
    0.251482,
    0.261399,
    0.262037
  ],
  "val_loss": [
    0.381843,
    0.342578,
    0.260845,
    0.243791,
    0.223888,
    0.2322,
    0.242407,
    0.243516,
    0.240063,
    0.223168,
    0.236553,
    0.223763,
    0.254556,
    0.245901,
    0.240748,
    0.248739,
    0.25363,
    0.218756,
    0.299289,
    0.234347,
    0.255051,
    0.227108,
    0.251875,
    0.260031,
    0.262024,
    0.236423,
    0.247049,
    0.248755,
    0.254327,
    0.236864,
    0.223462,
    0.250762,
    0.290591,
    0.22864,
    0.220598,
    0.220449,
    0.215218,
    0.251094,
    0.245929,
    0.230577,
    0.237414,
    0.219838,
    0.213505,
    0.223005,
    0.270822,
    0.224903,
    0.218476,
    0.24229,
    0.264383,
    0.242477,
    0.219024,
    0.255652,
    0.224638,
    0.220757,
    0.275161,
    0.267684,
    0.244373,
    0.24371,
    0.234153,
    0.224001,
    0.208854,
    0.217228,
    0.201948,
    0.215179,
    0.24283,
    0.209278,
    0.20918,
    0.239723,
    0.212945,
    0.218775,
    0.228691,
    0.236402,
    0.261231,
    0.255174,
    0.224879,
    0.226053,
    0.245134,
    0.24112,
    0.246414,
    0.219819,
    0.200399,
    0.193043,
    0.202565,
    0.212367,
    0.216042,
    0.216407,
    0.225559,
    0.245871,
    0.213291,
    0.207144,
    0.242068,
    0.204394,
    0.215283,
    0.221084,
    0.222023,
    0.239654,
    0.257956,
    0.257109,
    0.202482,
    0.213907,
    0.215259,
    0.209818,
    0.209887,
    0.21075,
    0.218521,
    0.214217,
    0.211069,
    0.23279,
    0.222626,
    0.227749,
    0.217415,
    0.221975
  ],
  "avg_conv_steps": [
    20.0,
    20.0,
    20.0,
    20.0,
    20.0,
    19.85,
    18.71,
    17.31,
    18.17,
    18.09,
    18.49,
    17.82,
    17.74,
    18.0,
    17.25,
    16.69,
    16.38,
    15.65,
    14.44,
    13.98,
    13.37,
    13.4,
    12.97,
    13.53,
    13.89,
    13.88,
    14.11,
    14.08,
    13.71,
    12.59,
    11.69,
    11.73,
    11.36,
    11.41,
    11.36,
    11.21,
    11.2,
    11.2,
    11.04,
    10.93,
    10.84,
    10.78,
    10.73,
    10.69,
    10.61,
    10.46,
    10.45,
    10.48,
    10.45,
    10.39,
    10.38,
    10.39,
    10.41,
    10.44,
    10.41,
    10.45,
    10.35,
    10.33,
    10.31,
    10.44,
    10.5,
    10.48,
    10.43,
    10.53,
    10.53,
    10.61,
    10.61,
    10.63,
    10.7,
    10.76,
    10.78,
    10.84,
    10.86,
    10.92,
    10.99,
    11.06,
    11.1,
    11.03,
    11.02,
    11.03,
    11.03,
    11.11,
    11.17,
    11.19,
    11.24,
    11.26,
    11.39,
    11.41,
    11.55,
    11.63,
    11.83,
    11.95,
    12.32,
    12.45,
    12.53,
    12.52,
    12.71,
    12.85,
    13.13,
    12.76,
    11.73,
    11.01,
    10.95,
    10.97,
    11.03,
    11.04,
    11.04,
    11.06,
    11.09,
    11.13,
    11.16,
    11.2
  ]
}